followers_count,friends_count
0.23744960430043302,0.10341385506089039
0.10620675924543328,0.6039129566779796
0.00025882235826987207,0.00019964064683569574
0.029814344731471803,0.1868636454382112
0.023214374595590066,0.37292872828907964
0.050161763973918666,0.15971251746855658
0.03485142601164701,0.19844280295468156
0.00016923000348414714,0.0
0.036862276641282166,0.5082850868436813
0.00014932059130954157,0.0005989219405070872
0.02674829525658255,0.5024955080854462
4.977353043651386e-05,0.0
0.04635906624856901,0.19824316230784586
0.4709571449902942,0.45198642443601517
0.00023891294609526653,0.0
0.0014135682643969937,0.0003992812936713915
0.18943805684137174,0.5008983829107606
0.08807923946045493,0.25474146536234776
0.23933104375093325,0.38091435416250746
8.959235478572495e-05,0.0019964064683569574
0.0058434124732467275,0.00019964064683569574
0.34054054054054056,0.05110800558993811
0.014523916181374745,0.12058295068876022
0.003364690657508337,0.00019964064683569574
0.47094719028420684,0.15831503294070673
0.11014882285600518,0.26671990417248953
0.7979891493703648,0.3972848872030345
0.00016923000348414714,0.0
0.022666865760788413,0.09163505689758435
0.57047434174506,0.27510481133958875
0.05267034990791897,0.5506089039728489
0.0013637947339604798,0.0
0.5612662386143049,0.30704731483330006
0.001393658852222388,0.0003992812936713915
0.03145687123587676,0.20303453783190256
0.0013637947339604798,0.0
0.003713105370563934,0.06947494509882211
0.06476531780399183,0.043122379716510284
0.006968294261111941,0.00019964064683569574
0.018714847444129212,0.27869834298263124
0.28880593300482804,0.4799361149930126
0.01663431387188293,0.1363545617887802
0.0001095017669603305,0.0
0.06048479418645165,0.05090836494310241
0.37648698422179083,0.15432222000399282
0.07725847394355681,0.09562786983429826
0.03907222139266338,0.2713116390497105
0.09317604897715395,0.40127770013974845
0.0011447912000398187,0.0
0.054601562888855704,0.3942902775004991
0.2366631825195361,0.20103813136354562
0.0001791847095714499,0.00019964064683569574
0.1489821313025733,0.6188860051906568
0.4560649046836892,0.09103613495707726
0.057946344134189434,0.3994809343182272
0.0007963764869842217,0.00019964064683569574
0.016176397391867006,0.267718107406668
0.4836394405455179,0.47534438011579155
0.00023891294609526653,0.0009982032341784787
0.06899606789109551,0.7807945697744061
0.03875367079786969,0.24775404272309842
0.02291573341297098,0.35935316430425235
0.0484893733512518,0.5114793371930525
0.05147578517744263,0.22739069674585746
0.31055696580558456,0.3966859652625274
0.08533174058035936,0.5849470952285886
0.020795381016375493,0.11179876222798962
0.9471106465581604,0.039129566779796364
0.3320491762480713,0.04771411459373128
0.09689910905380518,0.08025554002794968
0.0387934896222189,0.15891395488121382
0.34769797421731125,0.21022160111798763
0.000219003533920661,0.00019964064683569574
0.006948384848937335,0.0003992812936713915
0.11934697128067294,0.2808943900978239
0.01681349858145438,0.035536035136753845
0.2840874023194465,0.05010980235575963
0.02890846647752725,0.45158714314234377
0.10381762978448061,0.17588340986224796
0.8841172664377084,0.021361549211419445
0.7544074461201533,0.7011379516869635
0.0001095017669603305,0.0
0.1941864516450152,0.4288281094030745
0.0671743566771191,0.4973048512677181
0.0005972823652381663,0.0003992812936713915
0.000567418246976258,0.0003992812936713915
0.00036832412523020257,0.0
0.013588173809168285,0.664004791375524
0.03735005723956,0.41066081054102616
0.36322731571350353,0.28668396885605907
0.07053904733462744,0.16290676781792773
0.00022895824000796375,0.0
0.03298989597332139,0.40007985625873427
0.00018913941565875268,0.0
0.039818824349211086,0.22200039928129367
0.02991389179234483,0.19624675583948892
0.010731173162112388,0.46316630065881415
0.7803195460654024,0.1930525054901178
0.19111044746403863,0.8476741864643641
0.10354885272012344,0.08624475943302057
0.04753372156687074,0.05809542822918746
0.05956896122641979,0.27390696745857457
0.0006669653078492857,0.0011978438810141745
0.04206858792494152,0.4126572170093831
0.022388133990343936,0.4254342184068676
0.0003185505947936887,0.00019964064683569574
0.06657707431188094,0.20782591335595926
0.03177542183067045,0.045717708125374325
0.7019361903339804,0.5390297464563785
0.3562689761584789,0.7240966260730685
0.09525658254940023,0.12896785785585946
0.10892439400726693,0.3415851467358754
0.00047782589219053307,0.0003992812936713915
0.21468319147877157,0.08165302455579956
0.00013936588522223882,0.00019964064683569574
0.09672987905032104,0.1455380315432222
0.003723060076651237,0.0
0.02532477228609825,0.27370732681173887
0.0003185505947936887,0.0
0.6363446319247424,0.19464963066480334
0.00011945647304763327,0.002395687762028349
0.02848041411577323,0.2487522459572769
0.11992434423373649,0.28888001597125174
0.05735901647503858,0.8852066280694749
0.10431536508884576,0.44779397085246553
0.1813150166741327,0.5677779996007187
0.00012941117913493604,0.0
0.07029017968244487,0.12856857656218806
0.08422676820466876,0.21661010181672988
0.00915832960031855,0.0005989219405070872
6.968294261111941e-05,0.0005989219405070872
0.35752326912547905,0.03453783190257537
0.9646707480961625,0.25993212218007583
0.17533223831566372,0.19145538031543222
0.10757055397939376,0.622679177480535
0.02830122940620178,0.06029147534438011
0.026519337016574586,0.20383310041924535
0.2610621671395152,0.20483130365342384
0.0009058782539445523,0.00019964064683569574
0.12549897964262605,0.37073268117388697
0.07125578617291324,0.04891195847474546
0.04971380219999005,0.3463765222599321
0.0028570006470558956,0.0017967658215212617
0.12402568314170524,0.26432421641046117
0.09241949131451893,0.2735076861649032
0.000219003533920661,0.0
0.06746304315365088,0.17209023757236974
0.0019312129809367377,0.00019964064683569574
0.0045592553879846695,0.00019964064683569574
0.006838883081977005,0.1123976841684967
0.011766462595191877,0.21121980435216609
0.0038226071375242645,0.00019964064683569574
5.9728236523816634e-05,0.0013974845278498702
0.06197800009954706,0.10421241764823318
0.05161515106266487,0.08824116590137752
0.8216614404459708,0.08684368137352765
0.619232492160669,0.047314833300059894
0.08022497635757304,0.16230784587742064
0.1415260564431835,0.5701736873627471
0.00019909412174605543,0.0
0.04834005275994226,0.051706927530445194
0.09639141904335274,0.638450788580555
0.046597979194664275,0.5182671191854662
0.007247026031556418,0.00019964064683569574
0.026808023493106365,0.1361549211419445
0.30463391568363946,0.1457376721900579
0.00018913941565875268,0.0
0.13166094271066647,0.31143940906368534
9.954706087302772e-06,0.0003992812936713915
0.10046289383305958,0.3016570173687363
0.000438007067841322,0.0
0.0007665123687223134,0.0005989219405070872
4.977353043651386e-05,0.0
0.20020904882783336,0.08524655619884208
0.05912099945249116,0.2295867438610501
0.0760838186252551,0.09183469754442004
6.968294261111941e-05,0.0
0.026409835249614256,0.35356358554601713
0.753869891991439,0.15432222000399282
0.0002488676521825693,0.0
0.0535164999253397,0.13355959273308046
0.6000199094121746,0.0
0.04088397790055249,0.1966460371331603
0.14623463242247772,0.3413855060890397
0.0019809865113732516,0.0
0.18472948086207755,0.17149131563186265
0.019740182171121397,0.07766021161908565
0.10037330147827385,0.08165302455579956
0.0005375541287143497,0.00019964064683569574
0.3707431188094171,0.24775404272309842
0.000219003533920661,0.00019964064683569574
0.5866706485491016,0.6284687562387702
0.013239759096112688,0.14414054701537232
0.26705490020407147,0.4549810341385506
0.004509481857548156,0.00019964064683569574
0.4322831118411229,0.12916749850269515
0.006460604250659499,0.0
0.05741874471156239,0.5228588540626872
0.142561345876263,0.315631862647235
0.001055198845254094,0.0019964064683569574
0.5859041361803793,0.052305849470952286
0.04188940321537007,0.19964064683569574
0.042556368523219354,0.32601317628269116
0.01356826439699368,0.35076861649031743
0.0003285053008809915,0.0
0.00029864118261908315,0.00019964064683569574
0.11035787168383854,0.0706727889798363
0.06551192076053955,0.1932521461369535
0.07132546911552436,0.46715911359552803
0.001572843561793838,0.0
0.06975262555373052,0.13276103014573767
0.041471305559703346,0.6412457576362547
0.0010751082574286994,0.00019964064683569574
0.00520631128365935,0.0
0.042426957344084415,0.2245957276901577
0.046080334478124534,0.04591734877221002
0.07312727091732617,0.5875424236374526
0.1117017570056244,0.06208824116590138
0.3072918222089493,0.4058694350169694
0.4464685680155293,0.025154721501297665
0.019630680404161067,0.2828907965661809
0.00014932059130954157,0.00019964064683569574
0.0348414713055597,0.3607506488321022
4.977353043651386e-05,0.00019964064683569574
0.0006371011895873774,0.0
0.04400975561196556,0.9111599121581154
0.09005027126574087,0.015771611100019962
0.02187048927380419,0.3755240566979437
0.058105619431586285,0.3609502894789379
0.24615001742073564,0.6671990417248952
0.16820466875715495,0.3421840686763825
0.0009656064904683689,0.0003992812936713915
0.007127569558508785,0.00019964064683569574
0.029067741774924095,0.3425833499700539
0.03735005723956,0.21381513276103015
0.00955651784381066,0.12317827909762427
0.00013936588522223882,0.00019964064683569574
0.052630531083569757,0.4791375524056698
0.046080334478124534,0.22140147734078658
0.04745408391817232,0.23817129167498502
0.10043302971479767,0.6646037133160311
0.002926683589667015,0.0003992812936713915
0.0879896471056692,0.25573966859652625
0.047155442735553235,0.08085446196845678
0.02215917575033597,0.19924136554202435
0.07026031556418297,0.07087242962667199
0.035379025434274056,0.08185266520263526
0.040744612015330244,0.21481333599520863
0.029356428251455874,0.46296666001197845
7.963764869842218e-05,0.0
0.03283062067592454,0.15791575164703534
0.014165546762231845,0.010181672988620483
0.0005972823652381663,0.0003992812936713915
0.0001095017669603305,0.0
0.022208949280772484,0.029546815731682968
0.02467771639042357,0.3192253942902775
0.0017420735652779852,0.00019964064683569574
0.0725498979642626,0.4603713316031144
0.14270071176148524,0.052305849470952286
0.04621970036334677,0.04012777001397484
0.059628689462943606,0.6150928329007785
0.03131750535065452,0.13475743661409462
0.014563735005723956,0.24056697943701338
0.13367179334030163,0.06208824116590138
0.028818874122741527,0.17947694150529048
0.05768752177591956,0.40107805949291275
0.028998058832312976,0.08025554002794968
0.023612562839082175,0.0656817728089439
0.0006470558956746802,0.0
0.22149221044248668,0.21680974246356557
0.1802199990045294,0.21760830505090836
0.03276093773331342,0.2399680574965063
0.02560350405654273,0.030345378319025753
0.47050918321636553,0.21880614893192254
0.3134537852769897,0.0658814134557796
0.06625852371708725,0.07326811738870034
0.0027773629983574733,0.00019964064683569574
0.00955651784381066,0.3531643042523458
0.0002886864765317804,0.0003992812936713915
0.22963516002190035,0.05789578758235177
0.04186949380319546,0.08724296266719904
0.00011945647304763327,0.0
0.051336419292220395,0.19884208424835295
0.11502662883878353,0.16111000199640646
0.025374545816534765,0.22319824316230785
0.032472251256781645,0.5210620882411658
0.14680205066945398,0.6224795368336993
0.0007466029565477079,0.00019964064683569574
0.012771887910009458,0.06628069474945099
0.05474092877407794,0.31942503493711316
0.0009954706087302772,0.00019964064683569574
0.14169528644666765,0.2994609702535436
0.20385247125578618,0.8334997005390298
0.7681648499328058,0.22778997803952886
0.1361306057438654,0.2806947494509882
7.963764869842218e-05,0.0
0.12084017719376836,0.3958874026751847
0.06438703897267434,0.874625673787183
0.5119804887760688,0.1353563585546017
0.032093972425464135,0.727690157716111
0.003235279478373401,0.00019964064683569574
3.981882434921109e-05,0.002395687762028349
0.071444925588572,0.07266919544819325
0.10034343736001194,0.4184467957676183
0.00015927529739684436,0.0
0.08472450350903389,0.2301856658015572
0.8329301677367975,0.20822519464963066
0.009904932556866258,0.1728888001597125
0.04227763675277487,0.11399480934318226
0.01590762032750983,0.3238171291674985
0.0007764670748096163,0.0003992812936713915
0.13230799860634115,0.14414054701537232
0.1623513015778209,0.11359552804951088
0.016425265044049574,0.5212617288880016
0.041471305559703346,0.1878618486723897
0.2362450848638694,0.1878618486723897
0.17975212781842617,0.14414054701537232
0.40047782589219055,0.18167298862048312
0.00018913941565875268,0.0
0.07027027027027027,0.6244759433020562
0.36708974167537706,0.27630265522060293
0.021412572793788262,0.4312237971651028
0.02923697177840824,0.3252146136953484
0.0005076900104524414,0.0
0.000786421780896919,0.00019964064683569574
0.004828032452341845,0.0019964064683569574
0.5354238216116669,0.7779996007187063
0.0007764670748096163,0.0003992812936713915
0.20910855606988205,0.9982032341784787
0.032741028321138815,0.10301457376721901
0.4859887511821213,0.11519265322419645
0.2283510029366383,0.09802355759632661
0.03453287541685332,0.35396286683968853
0.008610820765516898,0.0003992812936713915
0.35644816086805037,0.19484927131163904
0.2401672390622667,0.10920343381912558
9.954706087302772e-05,0.0
0.00030859588870638593,0.0003992812936713915
0.0008162858991588273,0.0
0.0006271464835000747,0.0
4.977353043651386e-05,0.0
0.0008461500174207357,0.0003992812936713915
0.2814294957941367,0.15691754841285685
7.963764869842218e-05,0.0
0.09287740779453486,0.9732481533240167
0.03745955900652033,0.20343381912557396
0.22637997113135233,0.3132361748852066
0.0014633417948335076,0.00019964064683569574
0.0890249365387487,0.05969255340387303
0.3276093773331342,0.263126372529447
0.07400328505300881,0.6771810740666799
0.24101338907968742,0.000798562587342783
0.9499278283808671,0.8708325014973048
0.003414464187944851,0.00019964064683569574
0.22496640286695535,0.027949690556997406
0.024070479319098104,0.130564983030545
0.03013289532626549,0.14453982830904372
0.09598327609377333,0.28368935915352367
0.00039818824349211086,0.0
0.3506445672191528,0.8500698742263925
0.05038076750783933,0.021960471151926533
0.03544870837688517,0.24655619884208424
0.810392713155144,0.1924535835496107
1.9909412174605545e-05,0.0
0.04197899557015579,0.11838690357356757
0.07857249514708078,0.45577959672589335
0.12380667960778458,0.9752445597923737
0.06756259021452392,0.22699141545218607
0.008889552535961376,0.0003992812936713915
0.45292917226618884,0.20862447594330205
0.09920860086605943,0.029546815731682968
9.954706087302772e-05,0.0
0.0005375541287143497,0.0005989219405070872
0.3826788114080932,0.28668396885605907
0.00037827883131750535,0.00019964064683569574
0.004828032452341845,0.00019964064683569574
0.0005375541287143497,0.0003992812936713915
0.04076452142750485,0.43322020363345976
0.07912000398188243,0.33879017768017566
0.04605047035986262,0.1822719105609902
0.008760141356826439,0.07207027350768616
0.001921258274849435,0.00019964064683569574
0.6237419740182171,0.3657416650029946
0.06018615300383256,0.32860850469155517
0.0002488676521825693,0.0003992812936713915
0.1016375491513613,0.28428828109403076
0.0003583694191428998,0.0003992812936713915
0.04836991687820417,0.27650229586743863
0.18264894728983128,0.5591934517867838
0.0004280523617540192,0.0003992812936713915
0.05240157284356179,0.3020562986624077
0.038763625503957,0.42403673387901775
0.04579164800159275,0.2158115392293871
0.00965606490468369,0.06807746057097225
0.00012941117913493604,0.0
0.07092728087203225,0.8846077061289679
0.00023891294609526653,0.00019964064683569574
0.00023891294609526653,0.00019964064683569574
0.001045244139166791,0.0
0.19189686924493554,1.0
0.030491264745408392,0.37891794769415055
0.3511821213478672,0.13855060890397283
0.09716788611816236,0.23637452585346375
0.017430690358867153,0.2627270912357756
0.1464337265442238,0.7049311239768417
0.017410780946692548,0.10620882411659013
0.08426658702901797,0.3144340187662208
0.16929968642675824,0.48452784987023356
0.0008660594295953411,0.0003992812936713915
0.863491115424817,0.06987422639249351
0.14024189935792145,0.3513675384308245
0.02250759046339157,0.6248752245957276
0.04514459210591807,0.25573966859652625
0.1730824747399333,0.4174485925334398
0.2194614504006769,0.008185266520263525
0.029286745308844755,0.16310640846476343
0.05392464287491912,0.8480734677580355
0.0010950176696033049,0.00019964064683569574
0.00025882235826987207,0.0
0.06878701906326215,0.6406468356957477
3.981882434921109e-05,0.0
0.07724851923746952,0.1407466560191655
0.01109949728734259,0.32920742663206226
0.010492260216017122,0.20802555400279496
0.0200985515902643,0.20942303853064484
0.0005972823652381663,0.0
0.000438007067841322,0.00019964064683569574
0.1199143895276492,0.27730085845478136
0.05013189985565676,0.15312437612297863
0.15904633915683639,0.5490117787981633
0.02417002637997113,0.19984028748253144
0.09760589318600368,0.6150928329007785
0.23315912597680552,0.5074865242563386
0.002418993579214574,0.0
0.037827883131750534,0.8093431822719105
0.001134836493952516,0.0
0.11193071524563238,0.9025753643441805
0.34644368125031105,0.19924136554202435
0.0007665123687223134,0.0003992812936713915
0.640734657309243,0.1978438810141745
0.06574087900054751,0.07706128967857856
0.09180229953710617,0.2625274505889399
0.08120053755412872,0.15691754841285685
0.05942959534119755,0.24535835496107006
0.020367328654621472,0.14913156318626472
0.05604499527151461,0.38031543222200037
0.02463789756607436,0.10760630864444
0.021094022198994575,0.15651826711918546
0.04394007266935444,0.14294270313435814
0.000567418246976258,0.00019964064683569574
0.14448260415111244,0.9952086244759433
0.1530137872679309,0.6941505290477141
0.06942412025284954,0.3022559393092434
0.19770046289383306,0.919345178678379
0.00019909412174605543,0.00019964064683569574
0.02430939226519337,0.2391694949091635
0.14028171818227067,0.173887003393891
8.959235478572495e-05,0.00019964064683569574
0.04437807973719576,0.4457975643841086
0.11222935642825145,0.25514074665601916
0.2621372753969439,0.22579357157117189
0.07782589219053307,0.15791575164703534
0.04301428500323528,0.18426831702934718
0.02714648350007466,0.4270313435815532
0.23182519536110696,0.5430225593930924
6.968294261111941e-05,0.0003992812936713915
0.01285152555870788,0.2717109203433819
0.14750883480165247,0.7726093032541426
0.006331193071524563,0.00019964064683569574
0.12268179781991936,0.15352365741665003
0.4123736996665173,0.5699740467159113
0.0004479617739286248,0.0003992812936713915
0.20270768005574635,0.3004591734877221
0.03762878901000448,0.12497504491914553
0.0003384600069682943,0.0
0.05651286645761784,0.6687961668995808
0.017759195659748147,0.12158115392293871
0.0692947090737146,0.4032741066081054
4.977353043651386e-05,0.0
0.0001095017669603305,0.0
0.06413817132049177,0.224396087043322
0.00013936588522223882,0.001597125174685566
0.09145388482405056,0.43381912557396685
0.00011945647304763327,0.00019964064683569574
0.0001095017669603305,0.0
0.0179483350754069,0.2731084048712318
0.6029465930018416,0.5991215811539229
0.04769299686426758,0.07426632062287881
0.12254243193469713,0.08005589938111399
0.0025484047583495097,0.0
0.179483350754069,0.3567578358953883
0.00022895824000796375,0.0005989219405070872
0.1954108804937534,0.44260331403473746
0.2035339206609925,0.39009782391694947
9.954706087302772e-05,0.0
0.05562689761584789,0.6947494509882212
0.07141506147031008,0.12437612297863845
0.00023891294609526653,0.0
0.05069931810263302,0.519664603713316
0.02604151112438405,0.12717109203433818
0.9193967448111094,0.6624076662008385
0.04256632322930665,0.5130764623677381
9.954706087302772e-06,0.0005989219405070872
0.00026877706435717485,0.0003992812936713915
0.00012941117913493604,0.000798562587342783
0.04168035438753671,0.35056897584348173
0.7382509581404609,0.9191455380315432
0.009437061370763028,0.16390497105210622
0.0006072370713254691,0.0009982032341784787
0.022019809865113732,0.11978438810141745
0.07476979742173112,0.32621281692952686
0.05347668110099049,0.12098223198243162
0.00011945647304763327,0.00019964064683569574
0.18307699965158528,0.6194849271311639
0.0319745159524165,0.2445597923737273
3.981882434921109e-05,0.0
8.959235478572495e-05,0.0
0.021810761037280375,0.3098422838889998
0.020367328654621472,0.16709922140147734
0.04866855806082326,0.47554402076262725
0.11081578816385446,0.18466759832301857
0.32658404260614204,0.336594130564983
0.0004678711861032303,0.00019964064683569574
0.0007963764869842217,0.0
0.05582599173759395,0.5761629067678179
0.5345876263003335,0.2303853064483929
0.7705539793937584,0.15172689159512875
0.03701159723259171,0.38251147933719304
0.00014932059130954157,0.0003992812936713915
0.0002488676521825693,0.0
0.061500174207356526,0.5526053104412059
0.02746503409486835,0.1595128768217209
0.00016923000348414714,0.00019964064683569574
0.21423522970484296,0.16190856458374925
0.16648250460405156,0.6087043322020363
0.11769449007018068,0.8925933320023957
0.10791896869244935,0.173887003393891
0.012075058483898263,0.22599321221800758
0.04626947389378329,0.3555599920143741
0.5738091682843064,0.5637851866640048
0.10356876213229804,0.3030545018965861
0.16936936936936936,0.5210620882411658
0.44510477328156883,0.10541026152924735
0.000657010601761983,0.0
0.022447862226867753,0.08005589938111399
0.06554178487880145,0.10081852665202636
0.08131003932108904,0.1367538430824516
0.04168035438753671,0.09562786983429826
0.0006171917774127719,0.0
3.981882434921109e-05,0.00019964064683569574
0.05759792942113384,0.2435615891395488
0.000219003533920661,0.00019964064683569574
0.3328654621472301,0.6538231183869035
0.11832163655368075,0.11798762227989619
0.032223383604599073,0.32681173887003395
0.11151261758996565,0.23098422838889998
0.0002886864765317804,0.0003992812936713915
0.0003185505947936887,0.0
0.026668657607884127,0.3373926931523258
0.06492459310138868,0.1772808943900978
0.0001791847095714499,0.0
0.0002886864765317804,0.0
0.037389876063909214,0.6079057696146936
0.000915832960031855,0.00019964064683569574
0.15087352545916083,0.13835096825713716
0.04988303220347419,0.8456777799960071
0.11368274351699766,0.22679177480535037
0.046130108008561044,0.11818726292673187
0.19789955701557913,0.3657416650029946
0.08064307401323975,0.6650029946097025
0.24799163804688668,0.4837292872828908
0.06479518192225374,0.6769814334198443
0.06135085361604699,0.41165901377520464
0.015579115026628839,0.37173088440806545
0.058065800607237074,0.2435615891395488
0.0003583694191428998,0.0005989219405070872
0.12446369020954656,0.27909762427630264
0.027952814693146186,0.14414054701537232
0.0657110148822856,0.7127171092034338
0.000348414713055597,0.00019964064683569574
0.061271215967348566,0.1736873627470553
0.00023891294609526653,0.0
0.03575730426559156,0.16650029946097025
0.06025583594644368,0.043322020363345974
0.05400428052361754,0.15811539229387103
0.4462694738937833,0.14913156318626472
0.7571648997063362,0.0
0.02822159175750336,0.2487522459572769
0.00026877706435717485,0.000798562587342783
0.023363695186899607,0.44240367338790176
0.3264048578965706,0.36773807147135157
0.009018963715096312,0.11040127770013974
0.7964461699268329,0.19564783389898183
0.1256582549400229,0.026951487322818924
0.0001095017669603305,0.00019964064683569574
0.15507441142800257,0.11339588740267519
0.0589019959185705,0.1501297664204432
0.13618037927430193,0.7388700339389099
0.00038823353740480814,0.0
0.1174655318301727,0.2727091235775604
0.0416305808571002,0.2733080455180675
0.0031655965357622814,0.0
0.03184510477328157,0.935715711718906
0.07338609327559603,0.2633260131762827
0.00029864118261908315,0.0
0.00023891294609526653,0.00019964064683569574
0.10549997511323478,0.12477540427230983
0.2354785724951471,0.5747654222399681
0.00038823353740480814,0.0003992812936713915
0.04855905629386292,0.36873627470553005
0.00965606490468369,0.10840487123178279
0.07748743218356478,0.19544819325214613
0.0003185505947936887,0.00019964064683569574
0.00513662834104823,0.00019964064683569574
0.022865959882534467,0.41026152924735476
0.14084913642924693,0.20443202235975244
0.048469463939077195,0.3028548612497504
0.0001791847095714499,0.0003992812936713915
0.3385695087352546,0.9516869634657616
0.0006371011895873774,0.0011978438810141745
0.03346772186551192,0.4040726691954482
0.00030859588870638593,0.0
0.320302623065054,0.011379516869634657
0.009685929022945598,0.10600918346975444
0.5168085212284107,0.20383310041924535
0.00013936588522223882,0.0003992812936713915
0.000219003533920661,0.0
0.007794534866358071,0.00019964064683569574
0.04718530685381514,0.7159113595528049
0.010561943158628241,0.09083649431024156
7.963764869842218e-05,0.0
0.8932955054502015,0.7478538630465162
0.004947488925389478,0.03094430025953284
0.0016823453287541684,0.0009982032341784787
0.04697625802598178,0.24256338590537033
0.6632820665969837,0.11479337193052505
0.0011945647304763326,0.0
1.9909412174605545e-05,0.0
0.00015927529739684436,0.0003992812936713915
0.02035737394853417,0.35036933519664604
0.03958986610920313,0.44300259532840885
0.061639540092578764,0.11519265322419645
0.0011945647304763326,0.0005989219405070872
0.0003583694191428998,0.00019964064683569574
0.007854263102881887,0.07466560191655021
0.03406500423075009,0.20323417847873826
0.0005574635408889553,0.0003992812936713915
0.37745259071225923,0.5018965861449391
0.9004529391269722,0.06667997604312238
0.05434274053058583,0.16530245557995607
0.08515255587078792,0.112198043521661
0.0027773629983574733,0.0003992812936713915
0.04809118510775969,0.0706727889798363
0.05702055646807028,0.37073268117388697
0.03119804887760689,0.3142343781193851
7.963764869842218e-05,0.0009982032341784787
0.15803095913593151,0.6550209622679177
0.11574336767706933,0.22739069674585746
0.16186352097954307,0.21361549211419445
0.6652232342840078,0.12397684168496706
0.03792743019262356,0.039129566779796364
0.07645214275048529,0.9157516470353364
0.1677069334527898,0.05769614693551607
0.18763625503956996,0.0986224795368337
0.02291573341297098,0.2206029147534438
0.007884127221143795,0.000798562587342783
3.981882434921109e-05,0.0019964064683569574
0.05322781344880792,0.09722499500898382
0.00015927529739684436,0.0
0.00029864118261908315,0.00019964064683569574
2.9864118261908317e-05,0.0
0.1938679010502215,0.09163505689758435
0.6302324423871385,0.12158115392293871
0.07409287740779454,0.2523457776003194
0.04102334378577473,0.6452385705729686
0.013956497934398487,0.1880614893192254
0.028092180578368424,0.6528249151527251
0.002239808869643124,0.0
0.1389676969787467,0.9247354761429427
0.04367129560499726,0.9043721301657017
0.09123488129012991,0.26871631064084645
0.11914787715892688,0.3108404871231783
0.28611816236125626,0.5548013575563985
0.0201085062963516,0.0329407067278898
1.9909412174605545e-05,0.00019964064683569574
0.05226220695833955,0.16450389299261328
0.04043601612662386,0.18147334797364742
0.00011945647304763327,0.0
0.09075705539793938,0.28808145338390895
0.5416455129162311,0.05789578758235177
0.00012941117913493604,0.0013974845278498702
0.6222089492807725,0.4084647634258335
0.00018913941565875268,0.0
0.0006669653078492857,0.0
0.025653277586979245,0.3417847873827111
0.026379971131352348,0.10041924535835496
0.01999900452939127,0.4406069075663805
0.00015927529739684436,0.0005989219405070872
0.0011547459061271217,0.0003992812936713915
0.0007466029565477079,0.0003992812936713915
0.0003384600069682943,0.0011978438810141745
0.012254243193469712,0.049910161708923935
0.2750186650739137,0.30684767418646436
0.0009556517843810661,0.00019964064683569574
0.09096610422577274,0.3367937712118187
0.0007167388382857996,0.00019964064683569574
0.05873276591508635,0.043122379716510284
0.9879050321039271,0.5010980235575964
0.0045194365636354586,0.08205230584947094
0.04987307749738689,0.44459972050309443
0.00020904882783335821,0.0005989219405070872
0.05114727987656165,0.3218207226991415
0.08877606888656613,0.29626671990417247
0.02233836045990742,0.38311040127770013
0.0003583694191428998,0.0
0.00016923000348414714,0.0
3.981882434921109e-05,0.00019964064683569574
0.6916032054153601,0.17648233180275505
0.000567418246976258,0.00019964064683569574
0.12704195908615798,0.1966460371331603
0.10424568214623463,0.20802555400279496
0.20548504305410384,0.08364943102415652
0.00022895824000796375,0.0
6.968294261111941e-05,0.0
0.04183962968493355,0.6927530445198642
0.13630979045343686,0.04072669195448193
0.15311333432880395,0.4360151726891595
0.006102234831516599,0.0003992812936713915
0.0502613110347917,0.5536035136753843
0.45203324871833156,0.26951487322818923
0.03696182370215519,0.11639049710521061
0.289134438305709,0.8480734677580355
0.07342591209994524,0.061688959872229984
0.0008262406052461301,0.00019964064683569574
3.981882434921109e-05,0.00019964064683569574
0.00039818824349211086,0.00019964064683569574
0.00013936588522223882,0.00019964064683569574
0.00019909412174605543,0.0
0.07812453337315216,0.9059692553403873
0.02556368523219352,0.270313435815532
0.13658852222388135,0.920543022559393
0.9406102234831516,0.19944100618886004
0.5998108605843412,0.18446795767618288
0.016723906226668656,0.06428428828109403
0.00019909412174605543,0.00019964064683569574
0.000438007067841322,0.0
0.00015927529739684436,0.0
0.0006171917774127719,0.0
0.1339007515803096,0.42403673387901775
0.029893982380170225,0.2629267318826113
0.038076750783933105,0.19464963066480334
0.00022895824000796375,0.00019964064683569574
0.09405206311283659,0.3888999800359353
0.0001095017669603305,0.0009982032341784787
0.05949927828380867,0.24635655819524854
6.968294261111941e-05,0.0
0.3839032402568314,0.016170892393691357
0.04758349509730725,0.06747853863046516
0.04868846747299786,0.2196047115192653
0.00011945647304763327,0.00019964064683569574
0.000876014135682644,0.0
0.942989398238017,0.3573567578358954
0.06422776367527748,0.32601317628269116
0.050689363396545714,0.27570373328009584
6.968294261111941e-05,0.0003992812936713915
0.03677268428649644,0.2725094829307247
0.1432979941267234,0.13755240566979438
0.29404210840674927,0.0936314633659413
0.002229854163555821,0.0
0.029286745308844755,0.16550209622679177
8.959235478572495e-05,0.00019964064683569574
0.5662834104823055,0.059093631463365937
0.1849982579264347,0.13276103014573767
0.0003285053008809915,0.0
0.043382609128465484,0.7424635655819525
0.059190682395102286,0.6628069474945099
0.1561594743915186,0.26512277899780395
0.018306704494549797,0.07226991415452186
0.0009357423722064606,0.002395687762028349
0.03629485839430591,0.3853064483928928
0.06215718480911851,0.6977440606907567
0.06815987257976208,0.1353563585546017
0.00023891294609526653,0.0003992812936713915
0.03192474242197999,0.02435615891395488
0.0009357423722064606,0.0003992812936713915
0.20061719177741277,0.0844479936114993
0.001572843561793838,0.0
0.7100492757951321,0.24296266719904172
0.1317803991837141,0.3942902775004991
0.0001095017669603305,0.0
0.00029864118261908315,0.0003992812936713915
0.06454631427007118,0.3032541425434218
0.07048927380419093,0.35775603912956677
0.02179085162510577,0.1363545617887802
0.0016027076800557464,0.00019964064683569574
0.0004579164800159275,0.0003992812936713915
0.2467373450798865,0.07726093032541426
0.1655168981135832,0.31842683170293473
0.18434124732467275,0.4062687163106408
0.06302324423871385,0.44240367338790176
0.3938081728136977,0.581952485526053
0.01109949728734259,0.000798562587342783
0.00027873177044447764,0.0005989219405070872
1.9909412174605545e-05,0.0003992812936713915
0.049634164551291625,0.19944100618886004
7.963764869842218e-05,0.0
0.06980239908416704,0.20123777201038132
0.020944701607685034,0.2297863845078858
0.10245383505052014,0.062487522459572765
0.0001791847095714499,0.0
0.3667711910805833,0.009183469754442005
0.5354636404360161,0.35855460171690956
0.00019909412174605543,0.00019964064683569574
0.01063162610123936,0.0009982032341784787
0.20370315066447664,0.6652026352565382
0.017211686824946493,0.06328608504691555
0.00027873177044447764,0.0
0.13480662983425415,0.18866041125973249
7.963764869842218e-05,0.00019964064683569574
0.27449106565128667,0.059293272110201634
0.06954357672589717,0.2529446995408265
0.0008162858991588273,0.0003992812936713915
0.4827634264098352,0.2507486524256339
0.0006371011895873774,0.0011978438810141745
0.0001095017669603305,0.00019964064683569574
7.963764869842218e-05,0.0
0.016126623861430493,0.28808145338390895
0.7382410034343736,0.06967458574565781
0.0736250062216913,0.5661808744260332
0.3672589716788612,0.23557596326612099
0.10455427803494102,0.17049311239768417
0.031427007117614855,0.046516270712717106
0.19223532925190384,0.29387103214214416
0.1665223234284008,0.16011179876222797
0.08285301876462098,0.3040527051307646
6.968294261111941e-05,0.00019964064683569574
0.018077746254541834,0.046516270712717106
0.28669553531431985,0.12377720103813136
0.03657359016475038,0.1307646236773807
1.0,0.1511279696546217
0.23364690657508336,0.4709522858854063
0.1465531830172714,0.19365142743062488
1.9909412174605545e-05,0.0
0.02962520531581305,0.06009183469754442
1.9909412174605545e-05,0.0
0.10497237569060773,0.20962267917748054
0.0001095017669603305,0.0
0.30039321089044846,0.5763625474146536
0.6031158230053257,0.05849470952285885
0.046956348613807174,0.1399480934318227
0.01641531033796227,0.1309642643242164
0.02649942760439998,0.11080055899381114
0.0008361953113334329,0.00019964064683569574
6.968294261111941e-05,0.0011978438810141745
0.0448857697476482,0.25534038730285485
0.03569757602906774,0.32162108205230583
0.7242745507938878,0.15132761030145736
0.030441491214971878,0.4451986424436015
0.1120601264247673,0.7542423637452585
0.026798068787019062,0.12257935715711718
0.0019013488626748295,0.0
0.3030112985914091,0.13256138949890198
0.040605246130108005,0.15332401676981433
0.24185953909710817,0.3469754442004392
0.06181872480215021,0.10680774605709722
0.02053655865810562,0.22100219604711518
0.004171021850579861,0.0005989219405070872
0.0008361953113334329,0.0005989219405070872
0.05267034990791897,0.28388899980035937
0.025623413468717337,0.3655420243561589
0.3152456323727042,0.039129566779796364
0.020705788661589765,0.18406867638251148
0.07989647105669205,0.08584547813934917
0.05818525708028471,0.17228987821920544
0.005405405405405406,0.03673387901776802
0.08626748295256582,0.0011978438810141745
0.02502613110347917,0.14254342184068677
0.13482653924642873,0.7839888201237771
0.1569458961724155,0.5811539229387103
0.0005475088348016524,0.0
0.003802697725349659,0.00019964064683569574
0.043601612662386144,0.4076662008384907
0.007874172515056493,0.19904172489518865
0.061490219501269226,0.37272908764224394
0.04588124035637848,0.03713316031143941
0.03892290080135384,0.3349970053902975
0.3070230451445921,0.4310241565182671
0.17610870539047335,0.1171890596925534
0.05918072768901498,0.3551607107207027
0.16814494052063111,0.2395687762028349
0.051077596933950524,0.5673787183070473
0.1748942312478224,0.5414254342184068
0.06601961077099198,0.709922140147734
0.0005475088348016524,0.00019964064683569574
3.981882434921109e-05,0.0
0.14479120003981882,0.9277300858454781
0.13306455626897615,0.35096825713715313
0.0976457120103529,0.3128368935915352
0.052540938728784035,0.08045518067478538
0.07958787516798567,0.33539628668396887
0.096202279627694,0.2587342782990617
0.12341844607037977,0.11439409063685366
0.007933900751580309,0.00019964064683569574
0.15276491961574834,0.4931123976841685
0.25377532228360955,0.6729886204831304
0.011218953760390225,0.0
1.9909412174605545e-05,0.0
0.04545318799462446,0.3978838091435416
0.03293016773679757,0.050509083649431026
0.35914588621770943,0.17608305050908366
0.05057986162958539,0.0844479936114993
0.028918421183614554,0.15851467358754243
0.34296948882584244,0.25573966859652625
0.03632472251256782,0.09083649431024156
0.09366382957543179,0.7304851267718108
0.0,0.0
0.1692001393658852,0.3465761629067678
0.40481807774625456,0.46236773807147136
0.0006171917774127719,0.0
0.4991588273356229,0.09203433819125574
0.6061320989497785,0.11419444999001796
0.18796476034045095,0.5717708125374326
0.05695087352545916,0.26911559193451784
0.5463839530137873,0.10461169894190457
0.00022895824000796375,0.0005989219405070872
0.0007167388382857996,0.0
0.10082126325220248,0.10560990217608304
0.0026977253496590515,0.0003992812936713915
0.013289532626549201,0.1736873627470553
0.0010153800209048828,0.0005989219405070872
0.19183714100841173,0.13755240566979438
0.03059081180628142,0.16091036134957076
0.025235179931312527,0.4827310840487123
0.0003583694191428998,0.000798562587342783
0.24222786322233836,0.046516270712717106
0.23816634313871882,0.34877221002196046
0.15035588074262107,0.6230784587742064
0.05373550345926036,0.25114793371930527
0.39331043750933253,0.43302056298662406
0.0003185505947936887,0.00019964064683569574
0.1695385993728535,0.33140347374725493
0.0012443382609128464,0.0003992812936713915
0.020237917475486537,0.37772010381313637
0.14817580010950177,0.38111399480934316
0.025653277586979245,0.1080055899381114
0.0001095017669603305,0.0
0.0006171917774127719,0.0005989219405070872
0.02197999104076452,0.7013375923337991
0.0026180877009606292,0.0
0.006988203673286546,0.000798562587342783
0.0010352894330794883,0.00019964064683569574
0.002060624160071674,0.00019964064683569574
0.6768204668757155,0.30784587742064284
0.06097257478472948,0.7125174685565981
0.10430541038275845,0.34497903773208227
0.10886466577074312,0.4679576761828708
0.3976108705390473,0.02755040926332601
0.09892986909561495,0.938909962068277
0.11044746403862425,0.03673387901776802
0.11279677467522771,0.6891595128768218
0.04478622268677517,0.3349970053902975
0.027753720571400128,0.3932920742663206
0.005923050121945149,0.0017967658215212617
0.016883181524065503,0.27929726492313833
0.776457120103529,0.15911359552804952
1.9909412174605545e-05,0.0
0.07003135732417501,0.08364943102415652
0.14747897068339058,0.4555799560790577
0.0012045194365636355,0.00019964064683569574
0.14880294659300183,0.26512277899780395
0.04557264446767209,0.2603314034737472
0.05388482405056991,0.5260531044120583
0.08870638594395501,0.2924735476142943
6.968294261111941e-05,0.0
0.05616445174456224,0.14773407865841484
0.0001791847095714499,0.0
0.2787815439749141,0.2200039928129367
0.01027325668209646,0.11499301257736075
0.0003384600069682943,0.00019964064683569574
0.04213827086755263,0.11678977839888201
0.05075904633915684,0.19884208424835295
0.17541187596436214,0.3236174885206628
0.7149370364839978,0.15971251746855658
0.2388333084465681,0.06867638251147934
0.00027873177044447764,0.00019964064683569574
0.026330197600915834,0.3996805749650629
0.888805933004828,0.34078658414853263
0.998028968194714,0.16370533040527052
0.007306754268080235,0.1547215012976642
0.01820715743367677,0.39069674585745656
0.012214424369120501,0.1357556398482731
6.968294261111941e-05,0.0
0.021452391618137473,0.41405470153723295
0.20059728236523816,0.9263326013176283
0.01813747449106565,0.39149530844479935
0.23219351948633715,0.13775204631663007
0.6367428201682346,0.9155520063885006
0.06365039072221393,0.3451786783789179
0.0023791747548653625,0.0003992812936713915
0.4660892937136031,0.20822519464963066
0.3308844756358568,0.12018366939508884
0.12014334776765716,0.09323218207226991
0.33133243740978546,0.42443601517268914
0.1540192125827485,0.7330804551806748
0.27861231397143,0.20662806947494508
0.0024389029913891793,0.0
0.2434622467771639,0.1932521461369535
0.03944054551789358,0.30704731483330006
0.5165297894579662,0.29866240766620084
0.6190134886267483,0.0327410660810541
0.00013936588522223882,0.0
0.00019909412174605543,0.0005989219405070872
0.3468816883181524,0.08265122778997804
0.15134139664526405,0.5442204032741066
0.005714001294111791,0.0
0.08347021054203374,0.304451986424436
0.03119804887760689,0.4583749251347574
0.019262356278930866,0.14334198442802953
0.06950375790154796,0.27929726492313833
0.09570454432332885,0.08524655619884208
0.028351002936638295,0.19444999001796764
0.279269324573192,0.07626272709123577
0.0006171917774127719,0.0
0.0005176447165397441,0.002196047115192653
0.000696829426111194,0.00019964064683569574
0.06470558956746802,0.10620882411659013
0.5714200388233537,0.2517468556598123
0.02915733412970982,0.2920742663206229
0.00012941117913493604,0.0003992812936713915
0.18250958140460902,0.05350369335196646
0.007963764869842217,0.13375923337991616
0.1745557712408541,0.36274705530045914
0.1529341496192325,0.7993611499301257
0.12220397192772883,0.09522858854062687
0.9037081280175203,0.04831303653423837
0.02204967398337564,0.343182271910561
0.00030859588870638593,0.00019964064683569574
0.19608780050769,0.16310640846476343
0.0003583694191428998,0.000798562587342783
7.963764869842218e-05,0.00019964064683569574
0.014513961475287442,0.3120383310041924
0.3679856652232343,0.44220403274106607
0.00013936588522223882,0.00019964064683569574
0.033477676571599224,0.20243561589139547
0.4826340152307003,0.026552206029147533
0.018545617440645066,0.15831503294070673
0.6432233338310687,0.16470353363944898
0.02628042407047932,0.5276502295867439
0.2543128764123239,0.11818726292673187
0.28533174058035937,0.1357556398482731
0.3121198546612911,0.09482930724695547
0.056980737643721066,0.6921541225793572
0.02092479219551043,0.22798961868636453
0.7869195162012842,0.4282291874625674
0.21298093673784282,0.7674186464364144
